"airport","week","Comp_aviario_sum","Comp_aero","Indice","Indice_normalized","numero_colisoes","numero_colisoes_normalizado","Comp_aviario_sum_normalized","Comp_aero_normalized","Indice2_normalized","Indice2"
"SBAR",1,243.189230511895,102,24805.3015122133,0.53311696227942,0,0,0.654628108878526,0.698630136986301,0.537507290988683,0.457342925380888
"SBAR",2,292.203737853279,134,39155.3008723393,0.847019579130196,0,0,0.786567644938421,0.917808219178082,0.848458128572855,0.72191824946403
"SBAR",3,333.529420978644,136,45360.0012530956,0.982745835098286,0,0,0.897810045498374,0.931506849315068,0.98290808441857,0.836316206765609
"SBAR",4,350.426854822833,112,39247.8077401573,0.849043143532952,1,0,0.943295345727491,0.767123287671233,0.850462664413477,0.723623826859445
"SBAR",5,346.983249407766,133,46148.7721712329,1,0,0,0.934025688120352,0.910958904109589,1,0.850859017260321
"SBAR",6,328.68938091795,130,42729.6195193335,0.925206898069571,2,1,0.884781400006307,0.89041095890411,0.925910214052656,0.787819054800136
"SBAR",7,276.694429097761,109,30159.692771656,0.650242920671602,1,0,0.744818964541404,0.746575342465753,0.653531856920262,0.556063473527486
"SBAR",8,249.917220774165,88,21992.7154281265,0.471592351040331,1,0,0.672738826744905,0.602739726027397,0.476561225649159,0.405486416120217
"SBAR",9,226.666249602007,116,26293.2849538328,0.565666224786904,1,0,0.61015077851604,0.794520547945205,0.569750476920009,0.484777330875758
"SBAR",10,197.083097381095,124,24438.3040752558,0.525088985904828,2,1,0.530517470115511,0.849315068493151,0.529554805587862,0.450576481467968
"SBAR",11,210.69614881208,131,27601.1954943824,0.594276437998903,0,0,0.567161716637339,0.897260273972603,0.598091654355818,0.508891677256791
"SBAR",12,184.814428003988,103,19035.8860844107,0.406912454875834,1,0,0.497492093885297,0.705479452054795,0.412489546065905,0.350970449795792
"SBAR",13,173.987419697665,27,4697.66033183694,0.0932673827208911,0,0,0.468347448139836,0.184931506849315,0.101793831359293,0.0866121993135313
"SBAR",14,170.694216260855,6,1024.16529756513,0.0129106053226706,1,0,0.459482649589946,0.0410958904109589,0.0221926878956825,0.0188828486132855
"SBAR",15,175.377254006791,11,1929.1497940747,0.0327069129415471,0,0,0.472088668931245,0.0753424657534247,0.0418028411875548,0.0355683243715322
"SBAR",16,223.50072346286,2,447.001446925719,0.000285291653960318,0,0,0.601629667668682,0.0136986301369863,0.009686096203538,0.00824150229683126
"SBAR",17,216.979696188777,2,433.959392377553,0,0,0,0.584076062423118,0.0136986301369863,0.0094034872860185,0.00800104195100162
"SBAR",18,229.782765453355,6,1378.69659272013,0.0206658879893641,0,0,0.618539961185697,0.0410958904109589,0.0298750438604203,0.0254194504596862
"SBAR",19,228.776702728174,10,2287.76702728174,0.0405515744726321,0,0,0.615831794636497,0.0684931506849315,0.0495737355436692,0.0421802599066094
"SBAR",20,189.43012897724,10,1894.3012897724,0.0319446106989265,0,0,0.509916852962451,0.0684931506849315,0.0410477072443809,0.0349258118467432
"SBAR",21,178.624675347978,10,1786.24675347978,0.029580944969498,0,0,0.480830229101645,0.0684931506849315,0.0387062682155874,0.0329335773357291
"SBAR",22,178.034051710609,11,1958.3745688167,0.0333461975183729,0,0,0.479240360857991,0.0753424657534247,0.0424361142599903,0.036107150475602
"SBAR",23,192.980902233639,14,2701.73263127095,0.049606967655401,0,0,0.519474989961364,0.0958904109589041,0.058543976451774,0.0498126702702678
"SBAR",24,212.550790999548,17,3613.36344699231,0.0695486618307959,0,0,0.572154128946359,0.116438356164384,0.0782981491595289,0.0666206862471787
"SBAR",25,213.539207120282,31,6619.71542072873,0.135311853037103,0,0,0.574814793542973,0.212328767123288,0.14344293703344,0.122049716437207
"SBAR",26,211.109888451692,30,6333.29665355077,0.129046514741538,0,0,0.568275440288989,0.205479452054795,0.13723651476688,0.116768926086779
"SBAR",27,207.964658429674,34,7070.7983866089,0.145179179150026,1,0,0.559808963475982,0.232876712328767,0.153217475870713,0.130366470946462
"SBAR",28,207.757681445205,32,6648.24580624655,0.135935948024779,0,0,0.559251813179322,0.219178082191781,0.144061163351834,0.12257573987492
"SBAR",29,208.938392320105,23,4805.58302336242,0.0956281643792903,1,0,0.562430105760541,0.157534246575342,0.104132413437383,0.088602002962277
"SBAR",30,199.757598830022,32,6392.24316256069,0.130335954759483,0,0,0.537716817808739,0.219178082191781,0.13851382955201,0.117855740889587
"SBAR",31,188.34690170208,4,753.387606808318,0.00698741162904885,1,0,0.50700097127998,0.0273972602739726,0.0163251928786514,0.0138904375693145
"SBAR",32,186.257104204489,23,4283.91339670325,0.084216772864187,1,0,0.501375556943551,0.157534246575342,0.0928283287973076,0.078983820614395
"SBAR",33,194.857948409009,33,6430.3122974973,0.131168707484968,0,0,0.524527710369558,0.226027397260274,0.139338751497828,0.118557633165722
"SBAR",34,206.58113069912,34,7023.75844377008,0.14415019226417,0,0,0.556084719026806,0.232876712328767,0.152198165049955,0.129499181143229
"SBAR",35,183.793858168972,42,7719.34204309684,0.159365908069277,0,0,0.49474487642148,0.287671232876712,0.167270800064942,0.142323868559604
"SBAR",36,198.456530555468,50,9922.82652777338,0.207566575440176,1,0,0.534214541567721,0.342465753424658,0.215018213073041,0.182950185468398
"SBAR",37,198.657749529885,56,11124.8339736736,0.233860185166085,0,0,0.534756192184471,0.383561643835616,0.241064571174188,0.20511196412555
"SBAR",38,223.409642508304,53,11840.7110529401,0.249519815726743,0,0,0.601384491708752,0.363013698630137,0.256576946597966,0.218310808633999
"SBAR",39,253.896642495695,43,10917.5556273149,0.229326023616274,1,0,0.683450819667091,0.294520547945205,0.236573046554864,0.201290309901951
"SBAR",40,293.09096289945,27,7913.45599828514,0.163612101882371,0,0,0.788955918682707,0.184931506849315,0.1714770648485,0.145902806879679
"SBAR",41,326.898660879889,68,22229.1089398324,0.476763399489101,0,0,0.879961056319296,0.465753424657534,0.481683648209585,0.409844875545973
"SBAR",42,341.716221892493,62,21186.4057573345,0.453954530347671,2,1,0.919847657890653,0.424657534246575,0.459089261979135,0.390620238282332
"SBAR",43,371.492191083139,43,15974.164216575,0.339938061200708,0,0,1,0.294520547945205,0.346144945250192,0.294520547945205
"SBAR",44,308.542150990556,10,3085.42150990556,0.0580000651070018,0,0,0.830548147165509,0.0684931506849315,0.0668581495181984,0.0568868593948979
"SBAR",45,264.005160559211,99,26136.5108953618,0.562236831797167,0,0,0.710661399878865,0.678082191780822,0.56635333218365,0.481886839643888
"SBAR",46,239.076599784473,107,25581.1961769386,0.550089462385209,1,0,0.643557537743688,0.732876712328767,0.554320190405515,0.471648332455991
"SBAR",47,206.851440282839,55,11376.8292155562,0.239372517527624,0,0,0.556812350966878,0.376712328767123,0.246525068388449,0.209758077419029
"SBAR",48,168.949934156278,26,4392.69828806323,0.0865964149265143,0,0,0.454787309697359,0.178082191780822,0.0951855939257566,0.0809895209050092
"SBAR",49,151.950112902713,143,21728.8661450879,0.465820714518162,0,0,0.409026398266086,0.979452054794521,0.470843862637645,0.40062174624692
"SBAR",50,150.219355554647,130,19528.5162221041,0.417688614893736,0,0,0.404367464943639,0.89041095890411,0.423164372600087,0.36005322221009
"SBAR",51,153.107433877614,146,22353.6853461316,0.479488476958013,1,0,0.412141728823981,1,0.484383100447164,0.412141728823981
"SBAR",52,188.05234876398,97,18241.0778301061,0.38952622476811,0,0,0.506208079948292,0.664383561643836,0.395266807151951,0.336316327088934
"SBBE",1,248.926807562201,203,50532.1419351267,0.0988118300905036,1,0,0.0750149633105177,0.63448275862069,0.0541885644098985,0.0475957008590871
"SBBE",2,294.006763614365,255,74971.7247216631,0.1491142649614,2,0.333333333333333,0.102200176324206,0.813793103448276,0.0946903167829528,0.0831697986638369
"SBBE",3,354.878693771798,261,92623.3390744393,0.185445457236739,1,0,0.138908650173855,0.83448275862069,0.131973452591954,0.115916873593355
"SBBE",4,397.894381207017,240,95494.6514896841,0.191355296493136,2,0.333333333333333,0.164849017651221,0.762068965517241,0.143027832953035,0.125626320348
"SBBE",5,1782.78585004516,267,476003.821962057,0.974533059086115,1,0,1,0.855172413793103,0.973629226799136,0.855172413793103
"SBBE",6,1611.80530863429,303,488377.00851619,1,2,0.333333333333333,0.896891149714707,0.979310344827586,1,0.87833478109992
"SBBE",7,347.204589813405,304,105550.195303275,0.212051981137576,2,0.333333333333333,0.134280825103292,0.982758620689655,0.150245261036255,0.13196563846358
"SBBE",8,264.450745372964,250,66112.6863432409,0.130880271159556,1,0,0.0843765863721841,0.796551724137931,0.0765201570037683,0.0672103153516363
"SBBE",9,229.505648545857,273,62655.0420530191,0.123763622392073,0,0,0.063303143001264,0.875862068965517,0.0631249302591373,0.0554448218011071
"SBBE",10,219.625024574728,272,59738.0066843261,0.117759674496096,0,0,0.0573446884931789,0.872413793103448,0.0569581192492691,0.0500282972026699
"SBBE",11,218.036779413386,286,62358.5189122284,0.123153307719044,2,0.333333333333333,0.0563869062145295,0.920689655172414,0.0591059836818514,0.0519148412388944
"SBBE",12,198.903073832192,239,47537.8346458938,0.0926488383276874,0,0,0.0448484330766216,0.758620689655172,0.0387357417270148,0.0340229492305405
"SBBE",13,182.229159955148,60,10933.7495973089,0.0173089841146462,1,0,0.0347933234399838,0.141379310344828,0.00560043411509834,0.00491905607254943
"SBBE",14,186.538782872621,32,5969.24105192386,0.00709085273525895,0,0,0.0373922172118542,0.0448275862068966,0.00190838718516,0.0016762028405314
"SBBE",15,179.404783976049,32,5740.95308723358,0.00662098217421285,0,0,0.0330900994498428,0.0448275862068966,0.00168881993244654,0.00148334928568261
"SBBE",16,157.900332478732,19,3000.1063170959,0.000979672036058198,0,0,0.020121961370457,0,0,0
"SBBE",17,147.87632984624,22,3253.27925661728,0.0015007617540203,3,0.666666666666667,0.0140770431700327,0.0103448275862069,0.000165796217628109,0.00014562458451758
"SBBE",18,154.293253620402,19,2931.57181878765,0.00083861184826073,0,0,0.0179467328274792,0,0,0
"SBBE",19,190.631796502449,40,7625.27186009795,0.0104993553516893,0,0,0.0398604859756049,0.0724137931034483,0.00328627426187736,0.00288644898444035
"SBBE",20,219.373554849694,40,8774.94219398775,0.0128656484917405,0,0,0.0571930410950835,0.0724137931034483,0.00471524654828083,0.00414156504481639
"SBBE",21,211.300465915499,47,9931.12189802846,0.0152453394533063,0,0,0.0523246103871971,0.096551724137931,0.00575182886575757,0.00505203134772937
"SBBE",22,204.244699328592,48,9803.7455677724,0.0149831688748327,2,0.333333333333333,0.0480696701778945,0.1,0.00547281870333063,0.00480696701778946
"SBBE",23,187.313143074131,51,9552.97029678066,0.0144670141251189,1,0,0.0378591907599875,0.110344827586207,0.00475623414540486,0.00417756587696414
"SBBE",24,176.860771569358,67,11849.671695147,0.0191941681652797,0,0,0.0315559471293451,0.16551724137931,0.0059465404653791,0.00522305331796057
"SBBE",25,168.856206125576,71,11988.7906349159,0.0194805078081515,0,0,0.0267288391255256,0.179310344827586,0.0054566407519889,0.00479275736043908
"SBBE",26,165.076068407026,62,10234.7162412356,0.0158702083313774,0,0,0.0244492484138367,0.148275862068966,0.00412739363567059,0.00362523338549993
"SBBE",27,158.271616164558,95,15035.803535633,0.025751980170337,1,0,0.020345861901239,0.262068965517241,0.00607059983932001,0.00533201898101435
"SBBE",28,130.947512931071,77,10082.9584956924,0.015557855040488,0,0,0.00386821569522155,0.2,0.000880806676100761,0.00077364313904431
"SBBE",29,124.53303335892,63,7845.58110161193,0.0109528038155812,1,0,0,0.151724137931034,0,0
"SBBE",30,125.293543420875,85,10649.9511907744,0.0167248599507496,1,0,0.00045862129966101,0.227586206896552,0.00011883382536794,0.000104375881991816
"SBBE",31,126.206491910836,20,2524.12983821671,0,1,0,0.00100916973279157,0.00344827586206897,3.96192397841513e-06,3.47989563031577e-06
"SBBE",32,146.756157584462,106,15556.152703953,0.0268229816836672,0,0,0.0134015296111193,0.3,0.00457736499777573,0.00402045888333578
"SBBE",33,160.815779588852,151,24283.1827179167,0.0447852710863982,0,0,0.0218801052920497,0.455172413793103,0.0113387520955937,0.00995922033982952
"SBBE",34,170.953743579668,180,30771.6738443402,0.0581401186362963,0,0,0.027993747246281,0.555172413793103,0.0176941145497731,0.0155413562298319
"SBBE",35,180.170163803333,175,31529.7786655832,0.0597004774496594,1,0,0.0335516574339943,0.537931034482759,0.0205485176955853,0.0180484777920797
"SBBE",36,204.095301433837,197,40206.7743824659,0.0775597844491223,0,0,0.0479795766208379,0.613793103448276,0.0335288250789288,0.0294495332362384
"SBBE",37,249.243836898236,214,53338.1810962224,0.104587321570005,4,1,0.0752061460619323,0.672413793103448,0.0575744591087109,0.0505696499381959
"SBBE",38,256.059196941574,232,59405.7336904453,0.117075778180024,0,0,0.0793161104622692,0.73448275862069,0.0663258667070405,0.0582563156153909
"SBBE",39,275.971361023335,183,50502.7590672702,0.0987513532071796,0,0,0.0913240286044206,0.56551724137931,0.0587991206079108,0.0516453127280172
"SBBE",40,291.819143289391,96,28014.6377557815,0.0524654870563402,0,0,0.100880944236698,0.26551724137931,0.0304959231922081,0.026785630021468
"SBBE",41,253.567819180515,211,53502.8098470886,0.104926166430437,0,0,0.0778136991676886,0.662068965517241,0.0586542129716263,0.0515180353110214
"SBBE",42,235.963285188369,152,35866.4193486321,0.0686263084437024,2,0.333333333333333,0.0671973843241378,0.458620689655172,0.0350869752683218,0.0308181107417597
"SBBE",43,244.6893934888,115,28139.280251212,0.0527220307569138,0,0,0.0724596146744342,0.331034482758621,0.0273092123650191,0.0239866310646403
"SBBE",44,260.372143744409,26,6769.67573735464,0.00873833640893564,4,1,0.0819170086844436,0.0241379310344828,0.00225119982576585,0.00197730710617623
"SBBE",45,276.46266722993,273,75474.3081537709,0.150148700392709,4,1,0.0916203080388057,0.875862068965517,0.091362376038024,0.0802467525581264
"SBBE",46,280.81483321233,277,77785.7087998153,0.154906108957075,1,0,0.094244857165818,0.889655172413793,0.0954595291626404,0.0838454246509691
"SBBE",47,263.288764417086,127,33437.67308097,0.0636273748688499,0,0,0.0836758603163109,0.372413793103448,0.0354785500951791,0.0311620445315916
"SBBE",48,192.506893363135,61,11742.9204951512,0.0189744489772691,2,0.333333333333333,0.0409912525522196,0.144827586206897,0.00675899929102306,0.00593666416273525
"SBBE",49,163.887560709887,309,50641.2562593551,0.0990364131464388,3,0.666666666666667,0.0237325255563934,1,0.0270199086579194,0.0237325255563934
"SBBE",50,158.299402081395,254,40208.0481286742,0.077562406119723,2,0.333333333333333,0.0203626180415311,0.810344827586207,0.0187863927982048,0.0165007422060683
"SBBE",51,183.863774270879,240,44127.305825011,0.0856291643264485,0,0,0.0357790683754258,0.762068965517241,0.0310429669993105,0.0272661176240314
"SBBE",52,222.800673237053,178,39658.5198361954,0.0764313470757299,1,0,0.0592597454919486,0.548275862068966,0.0369912347145108,0.0324906880455856
"SBEG",1,152.982101684349,224,34267.9907772942,0.557491654503105,0,0,0.113842146231855,0.666666666666667,0.151337126585165,0.0758947641545697
"SBEG",2,144.964355864614,288,41749.7344890089,0.69633773248856,0,0,0.0633339397733977,0.875816993464052,0.110607236168125,0.0554689407165705
"SBEG",3,153.75207118945,288,44280.5965025617,0.743305428528983,0,0,0.118692609143095,0.875816993464052,0.207286353855023,0.103953004086109
"SBEG",4,175.11754668939,248,43429.1515789687,0.727504327500034,0,0,0.25328553237819,0.745098039215686,0.376320149251536,0.188722553536691
"SBEG",5,175.77383407568,282,49568.2212093417,0.841433081745152,1,0,0.257419848874134,0.856209150326797,0.439496644814458,0.220405230081775
"SBEG",6,149.968113161609,326,48889.6048906846,0.828839331152636,0,0,0.0948553689015909,1,0.189145313654397,0.0948553689015909
"SBEG",7,137.02452645217,303,41518.4315150076,0.692045215663082,1,0,0.0133165717718366,0.92483660130719,0.0245578934799066,0.0123156529785287
"SBEG",8,134.910634569182,286,38584.441486786,0.637596276490099,0,0,0,0.869281045751634,0,0
"SBEG",9,148.743026386879,301,44771.6509424506,0.752418408829172,2,1,0.0871378710987423,0.918300653594771,0.159560543457188,0.080018763982832
"SBEG",10,164.154623778448,286,46948.2224006361,0.792811186511593,1,0,0.184224029778408,0.869281045751634,0.319330320025874,0.160142457258354
"SBEG",11,190.472094323663,298,56760.6841084516,0.97491069112031,2,1,0.350012303147005,0.908496732026144,0.634074587553533,0.317985033577998
"SBEG",12,221.803914646063,262,58112.6256372686,1,2,1,0.547388733523222,0.790849673202614,0.863223911752057,0.432902201021633
"SBEG",13,249.974203161498,95,23747.5493003423,0.362253472865968,1,0,0.72484892998265,0.245098039215686,0.354259093631327,0.177659051466336
"SBEG",14,281.561458865991,35,9854.65106030969,0.104429293529378,0,0,0.923834488822856,0.0490196078431373,0.0903020629922374,0.0452860043540616
"SBEG",15,293.652082383791,42,12333.3874601192,0.150429643278656,1,0,1,0.0718954248366013,0.143362287643868,0.0718954248366013
"SBEG",16,293.096315118463,20,5861.92630236927,0.0303323724804221,0,0,0.996498915229901,0,0,0
"SBEG",17,250.530649878187,34,8518.04209585835,0.0796245261295423,0,0,0.728354294991912,0.0457516339869281,0.066448160510631,0.033323399117277
"SBEG",18,220.738105177796,32,7063.61936568948,0.0526333727837454,0,0,0.540674611389778,0.0392156862745098,0.0422794631780716,0.021202925936854
"SBEG",19,189.341662444631,45,8520.37481000838,0.0796678166007577,0,0,0.34289108877864,0.0816993464052288,0.055860966931821,0.0280139778413921
"SBEG",20,158.479287224605,40,6339.17148898418,0.0391890808831923,0,0,0.148471952220998,0.065359477124183,0.0193502533830486,0.00970404916477114
"SBEG",21,147.232682083712,52,7656.09946835302,0.0636286088823095,0,0,0.0776233786712128,0.104575163398693,0.0161865674777474,0.00811747750810069
"SBEG",22,169.632625008083,58,9838.69225046881,0.10413313019619,0,0,0.218732983205825,0.124183006535948,0.0541639232959583,0.0271629194830763
"SBEG",23,167.851057603855,51,8560.40393779659,0.0804106765025034,0,0,0.20750990675821,0.101307189542484,0.041919179235923,0.0210222454558971
"SBEG",24,186.704801215997,60,11202.2880729598,0.12943871926813,0,0,0.326280044436183,0.130718954248366,0.0850477337871167,0.0426509862008083
"SBEG",25,182.291642759895,66,12031.2484221531,0.144822551931459,0,0,0.298479123398499,0.150326797385621,0.0894713589745399,0.0448694107069638
"SBEG",26,169.914581731238,70,11894.0207211867,0.142275882491244,0,0,0.220509184236096,0.163398692810458,0.0718470479512954,0.0360309124568785
"SBEG",27,165.964073837041,89,14770.8025714967,0.195663153229998,0,0,0.195622754456204,0.225490196078431,0.0879590848176585,0.0441110132597322
"SBEG",28,195.9982322298,80,15679.858578384,0.21253339980471,0,0,0.384824496069619,0.196078431372549,0.150461782085289,0.0754557835430625
"SBEG",29,215.023190394029,78,16771.8088507343,0.232797795180027,0,0,0.504673208716159,0.189542483660131,0.190743824155407,0.0956570134167883
"SBEG",30,216.35910354824,106,22934.0649761135,0.347156844021951,0,0,0.513088863055985,0.281045751633987,0.287543318764435,0.144201445172597
"SBEG",31,252.877335768998,25,6321.93339422496,0.0388691766013185,1,0,0.743137364713894,0.0163398692810458,0.0242131528725044,0.0121427673972858
"SBEG",32,223.811632078711,111,24843.0911607369,0.382584520873736,0,0,0.560036453827453,0.297385620915033,0.332100806991107,0.16654678855653
"SBEG",33,205.029742135775,167,34239.9669366744,0.556971588525162,1,0,0.441718962072738,0.480392156862745,0.423131755094006,0.212198324917296
"SBEG",34,204.32055900869,185,37799.3034166076,0.623025696967219,2,1,0.437251426108765,0.53921568627451,0.470140235418722,0.235772827803746
"SBEG",35,221.937009690706,189,41946.0948315435,0.699981784528209,0,0,0.548227172673649,0.552287581699346,0.603753280649595,0.3027790594178
"SBEG",36,249.86095013049,224,55968.8528292298,0.960215899132981,2,1,0.724135486628273,0.666666666666667,0.962636312051615,0.482756991085516
"SBEG",37,257.941167465551,218,56231.1745074901,0.965084060567056,0,0,0.775037235644053,0.647058823529412,1,0.501494681887328
"SBEG",38,242.488449641443,233,56499.8087664563,0.97006937077109,0,0,0.677692036662658,0.696078431372549,0.940641699446366,0.471726809833811
"SBEG",39,212.031894286655,183,38801.8366544578,0.641630692472159,1,0,0.48582938343577,0.532679738562091,0.516040305712536,0.258791468954348
"SBEG",40,185.985294636429,84,15622.7647494601,0.211473853457131,0,0,0.321747475346807,0.209150326797386,0.134186048318131,0.0672935896150186
"SBEG",41,161.431159469449,197,31801.9384154815,0.511726694924453,1,0,0.167067424830597,0.57843137254902,0.192698035180169,0.0966370398529923
"SBEG",42,150.174769946581,137,20573.9434826816,0.303357747773961,0,0,0.096157214058082,0.382352941176471,0.0733128285071294,0.0367659936104431
"SBEG",43,157.167632639002,109,17131.2719576513,0.239468705665472,1,0,0.140209115994797,0.290849673202614,0.0813164666345876,0.0407797755671141
"SBEG",44,183.802670890446,23,4227.46143048026,0,0,0,0.307997923632171,0.00980392156862745,0.00602117548929128,0.00301958748658991
"SBEG",45,195.124419457155,198,38634.6350525167,0.638527767865685,2,1,0.379319867097947,0.581699346405229,0.439984962430704,0.220650118769394
"SBEG",46,202.261772080075,209,42272.7103647357,0.706043110275287,0,0,0.424281990860706,0.617647058823529,0.522550952645562,0.262056523766906
"SBEG",47,185.739907215825,107,19874.1700720933,0.290371364213861,0,0,0.320201644538394,0.284313725490196,0.18153277742485,0.0910377224667981
"SBEG",48,170.677276660962,36,6144.38195979463,0.0355741799720243,0,0,0.2253138205817,0.0522875816993464,0.02349200345918,0.0117811148016575
"SBEG",49,163.939816298801,251,41148.8938909992,0.685187342453484,0,0,0.182870838897237,0.754901960784314,0.275276208980443,0.138049554853797
"SBEG",50,155.66013325946,199,30976.3665186325,0.496405745104559,1,0,0.130712545311487,0.584967320261438,0.152469348364079,0.0764625673554121
"SBEG",51,152.981633616924,229,35032.7940982757,0.571684862081476,0,0,0.11383919761679,0.683006535947712,0.155042354041911,0.0777529160193106
"SBEG",52,148.095831482583,158,23399.1413742482,0.355787724246236,0,0,0.0830608331656415,0.450980392156863,0.0746943257163646,0.0374588071139167
"SBGR",1,271.04420781174,1328,359946.70797399,0.474347361330396,1,0,0.643519304575671,0.614530310041647,0.502815350305306,0.395462117758673
"SBGR",2,268.770780160829,1729,464704.678898073,0.629064539870569,6,0.294117647058824,0.638121681093035,0.800092549745488,0.649153446141627,0.510556402873604
"SBGR",3,278.595801573439,1724,480299.16191261,0.6520960513777,2,0.0588235294117647,0.661448469729949,0.797778806108283,0.670937630483579,0.52768957048331
"SBGR",4,285.035150178274,1559,444369.79912793,0.59903193045443,10,0.529411764705882,0.676736917210745,0.721425266080518,0.620747325267256,0.488215110565272
"SBGR",5,290.323576937162,1812,526066.321410137,0.719689626594874,1,0,0.689292819945779,0.838500694123091,0.734870512283656,0.577972507978599
"SBGR",6,305.738389550378,1928,589463.615053129,0.813321169025519,1,0,0.725891017609207,0.892179546506247,0.823431212257645,0.647625118903541
"SBGR",7,315.121885348998,1932,608815.482494264,0.841901966301037,3,0.117647058823529,0.748169526121038,0.894030541416011,0.850464147386417,0.668886406508952
"SBGR",8,319.967778119084,1956,625856.974000928,0.867070566463578,2,0.0588235294117647,0.759674754624648,0.905136510874595,0.874269681183012,0.687609356800468
"SBGR",9,318.378635161369,1919,610968.600874668,0.845081909535338,4,0.176470588235294,0.75590177537792,0.888014807959278,0.853471873109998,0.671251969898301
"SBGR",10,328.503236554607,1977,649450.898668459,0.901916463372895,8,0.411764705882353,0.779939833598326,0.914854234150856,0.907228414334251,0.713531259150343
"SBGR",11,331.264510839623,2161,715862.607924426,1,8,0.411764705882353,0.786495713622408,1,1,0.786495713622408
"SBGR",12,336.754793238587,1454,489641.469368905,0.665893716967656,18,1,0.799530866595531,0.672836649699213,0.683988050149138,0.537953669611246
"SBGR",13,332.609275360145,423,140693.723477341,0.150532353760071,1,0,0.789688484041856,0.195742711707543,0.196537327023225,0.154575765270572
"SBGR",14,340.79440809446,313,106668.649733566,0.100280679707763,3,0.117647058823529,0.809121811791492,0.144840351689033,0.149007153820817,0.117193487779147
"SBGR",15,342.608272386702,233,79827.7274661015,0.0606392879739761,3,0.117647058823529,0.813428329526595,0.107820453493753,0.111512637456445,0.0877042113742233
"SBGR",16,370.372393934669,133,49259.5283933109,0.0154930764553905,3,0.117647058823529,0.87934653650452,0.0615455807496529,0.0688114281260396,0.0541198932693666
"SBGR",17,374.311046267625,154,57643.9011252142,0.0278759670504108,3,0.117647058823529,0.888697774189074,0.0712633040259139,0.0805236933555548,0.063331539669189
"SBGR",18,376.088337410742,191,71832.8724454517,0.0488316765748485,3,0.117647058823529,0.892917459124167,0.0883850069412309,0.10034449578771,0.0789205158226357
"SBGR",19,377.286781541896,313,118090.762622614,0.117150012547757,3,0.117647058823529,0.895762832357115,0.144840351689033,0.164962887173289,0.129742603668569
"SBGR",20,353.6321050143,312,110333.216764462,0.105692883348117,1,0,0.839601362935218,0.144377602961592,0.15412624649353,0.121219632223872
"SBGR",21,337.82520104709,329,111144.491144492,0.106891055496672,1,0,0.802072253087799,0.152244331328089,0.155259528733796,0.122110953848166
"SBGR",22,322.813960619464,346,111693.630374335,0.107702079913406,3,0.117647058823529,0.766432225659088,0.160111059694586,0.156026630163265,0.122714275834357
"SBGR",23,315.110231162379,293,92327.297730577,0.0790999189620062,2,0.0588235294117647,0.748141856486889,0.135585377140213,0.128973488360107,0.101437095766154
"SBGR",24,333.110199851473,428,142571.16553643,0.153305150289945,2,0.0588235294117647,0.790877790328483,0.198056455344748,0.199159956056095,0.156638451763346
"SBGR",25,337.084260899172,524,176632.152711166,0.203609864933446,3,0.117647058823529,0.800313096186533,0.242480333179084,0.246740297308298,0.194060186210895
"SBGR",26,340.402626271977,493,167818.494752085,0.190592962448427,2,0.0588235294117647,0.808191634504233,0.228135122628413,0.234428356634883,0.184376897644881
"SBGR",27,356.886131071522,603,215202.337036128,0.260574218499028,1,0,0.847327145390858,0.279037482646923,0.300619608642622,0.236436033628268
"SBGR",28,389.359040675943,543,211421.959087037,0.254990973568457,1,0,0.924425063752205,0.251272559000463,0.295338737834114,0.232282651373183
"SBGR",29,414.364702837455,398,164917.151729307,0.186307965302132,3,0.117647058823529,0.983794073902046,0.184173993521518,0.23037542386446,0.181189283393343
"SBGR",30,421.190484705758,625,263244.052941099,0.331527088924824,2,0.0588235294117647,1,0.289217954650625,0.367729854900998,0.289217954650625
"SBGR",31,416.873865959091,93,38769.2695341955,0,0,0,0.989751385884981,0.043035631652013,0.0541574166677084,0.0425945760700154
"SBGR",32,394.047056332378,637,251007.974883724,0.313455609907668,1,0,0.935555456832452,0.294770939379917,0.350637080502777,0.275774560852509
"SBGR",33,369.213671941276,1073,396166.269992989,0.527840077866509,1,0,0.876595472471812,0.496529384544192,0.553411039503285,0.435255410440654
"SBGR",34,365.060113306607,1185,432596.234268329,0.581643537758687,1,0,0.866733999372365,0.548357242017584,0.604300642999918,0.475279865458701
"SBGR",35,350.661370187853,1159,406416.528047722,0.542978696833139,2,0.0588235294117647,0.832548176943797,0.536325775104118,0.567729789974765,0.446517046310903
"SBGR",36,341.954691930648,1350,461638.834106375,0.624536589855602,3,0.117647058823529,0.811876583986782,0.624710782045349,0.64487071820227,0.507188055706689
"SBGR",37,332.131430847244,1317,437417.094425821,0.588763472166775,1,0,0.788553974763389,0.609440074039796,0.611034980153621,0.480576392764176
"SBGR",38,332.761960685196,1386,461208.077509682,0.623900404898123,0,0,0.790050993002993,0.641369736233225,0.644268987378611,0.506714796993127
"SBGR",39,343.136551911485,1160,398038.400217322,0.530605029340975,2,0.0588235294117647,0.814682582753972,0.53678852383156,0.556026248348682,0.437312260987787
"SBGR",40,350.710949712188,599,210075.858877601,0.253002916482211,4,0.176470588235294,0.832665889774772,0.277186487737159,0.293458348783847,0.230803733445205
"SBGR",41,353.360939027977,1334,471383.492663322,0.638928488290335,2,0.0588235294117647,0.83895755450134,0.617306802406293,0.658483188596835,0.517894205323826
"SBGR",42,358.788656720618,845,303176.414928922,0.390503244387763,0,0,0.85184416492995,0.391022674687645,0.423512014139071,0.333090383787972
"SBGR",43,366.431692043996,713,261265.796427369,0.328605399400551,3,0.117647058823529,0.869990432713559,0.329939842665433,0.364966396533665,0.287044506489943
"SBGR",44,361.044858143146,168,60655.5361680486,0.0323238546193454,2,0.0588235294117647,0.857200889510528,0.0777417862100879,0.0847306948241275,0.0666403282914246
"SBGR",45,361.020017771545,1576,568967.548007955,0.783050501920888,1,0,0.857141912936974,0.729291994447015,0.794799926284209,0.625106735209936
"SBGR",46,348.938375063929,1585,553067.324476328,0.759567441860912,2,0.0588235294117647,0.828457402848727,0.733456732993984,0.772588648092533,0.607637660118108
"SBGR",47,320.220383004524,782,250412.339509538,0.312575915277083,1,0,0.760274494871906,0.361869504858862,0.34980502786084,0.275120155016118
"SBGR",48,311.113598500955,368,114489.804248351,0.111831752612098,2,0.0588235294117647,0.738652960591684,0.170291531698288,0.159932650456913,0.125786344052633
"SBGR",49,303.111995763852,1917,581065.695879305,0.800918271673449,5,0.235294117647059,0.719655373923285,0.887089310504396,0.811700023785357,0.63839858945439
"SBGR",50,291.744950911433,1616,471459.840672876,0.639041246761325,2,0.0588235294117647,0.69266747826757,0.747801943544655,0.658589840360328,0.517978086478664
"SBGR",51,281.503449878597,1772,498824.113184874,0.679455575127125,4,0.176470588235294,0.668351874271932,0.819990745025451,0.696815433105476,0.548042351323398
"SBGR",52,269.212482055682,1219,328170.015625877,0.427416324579006,4,0.176470588235294,0.639170379748139,0.564090698750578,0.458425977265909,0.3605500661328
"SBKP",1,347.348136353262,543,188610.038039821,0.428881050629466,1,0,0.0364569312138357,0.59387483355526,0.0368589536571872,0.0216508539565522
"SBKP",2,341.956791098651,684,233898.445111477,0.564746037710786,4,1,0.00933448790459676,0.781624500665779,0.0124210020485232,0.00729606444740119
"SBKP",3,352.996405422275,776,273925.210607685,0.684826127267589,1,0,0.0648718908175793,0.904127829560586,0.0998514476389561,0.0586524818443893
"SBKP",4,355.35196541905,675,239862.576657859,0.582638401516348,2,0.333333333333333,0.0767220950721498,0.769640479360852,0.100525519701552,0.0590484300288983
"SBKP",5,359.900477323765,764,274963.964675357,0.687942384100415,3,0.666666666666667,0.0996044649540474,0.88814913448735,0.150602671476328,0.0884636193400128
"SBKP",6,379.490154487097,752,285376.596174297,0.719180224765635,3,0.666666666666667,0.198154990512447,0.872170439414115,0.294221462100107,0.172824925147341
"SBKP",7,387.310398037477,796,308299.076837832,0.78794754825077,2,0.333333333333333,0.237496583814827,0.930758988015979,0.376324573119262,0.22105208000874
"SBKP",8,376.516903376215,721,271468.687334251,0.677456570147108,1,0,0.183197344342403,0.830892143808256,0.259138415128954,0.152217234180639
"SBKP",9,367.921705061207,719,264535.705939008,0.656657661803758,3,0.666666666666667,0.139957156964112,0.828229027962716,0.197339276382812,0.115916580068811
"SBKP",10,363.096556793329,723,262518.810561577,0.650606986098484,2,0.333333333333333,0.11568310212738,0.833555259653795,0.164161871329644,0.0964282582313451
"SBKP",11,352.265385244791,770,271244.346638489,0.676783549219628,4,1,0.0611943201213309,0.896138482023968,0.0933585747902409,0.0548385851420182
"SBKP",12,357.031342778195,491,175302.389304094,0.388958173220648,2,0.333333333333333,0.0851706019043308,0.524633821571238,0.0760700975406515,0.0446833783625917
"SBKP",13,355.439925583892,263,93480.7004285637,0.143493529598787,2,0.333333333333333,0.0771645995810863,0.22103861517976,0.0290371661639107,0.017056356232304
"SBKP",14,376.929038792215,220,82924.3885342873,0.111824648490361,1,0,0.18527068947767,0.163781624500666,0.0516582707348532,0.0303439344950112
"SBKP",15,408.191845148762,238,97149.6591454055,0.154500386781397,1,0,0.342545665026289,0.187749667110519,0.109487773279553,0.0643128345788371
"SBKP",16,448.912797091896,178,79906.4778823574,0.102770932136676,1,0,0.54740208924271,0.107856191744341,0.10051236790664,0.0590407046986145
"SBKP",17,459.029630051772,173,79412.1259989566,0.101287879042191,0,0,0.598297221248695,0.101198402130493,0.103076250658311,0.0605467227894818
"SBKP",18,464.782162591465,168,78083.4033153661,0.0973017178606986,2,0.333333333333333,0.627236703015128,0.0945406125166445,0.100952678661232,0.0592993420959708
"SBKP",19,442.90335603836,327,144829.397424544,0.297539355122374,2,0.333333333333333,0.517170168154868,0.306258322237017,0.269643115545064,0.158387668010146
"SBKP",20,414.611162012484,347,143870.073218332,0.294661387463288,1,0,0.374839563765461,0.33288948069241,0.212428834980686,0.124780147724854
"SBKP",21,408.138681236567,384,156725.253594842,0.33322686213364,0,0,0.342278211334025,0.382157123834887,0.22268408799234,0.130804056794761
"SBKP",22,405.150953973547,403,163275.83445134,0.352878570837704,0,0,0.327247739441057,0.40745672436751,0.227000135571658,0.133339291969326
"SBKP",23,421.699215010599,379,159824.002489017,0.342523092796142,2,0.333333333333333,0.410497698523168,0.375499334221039,0.262414524756772,0.154141612494718
"SBKP",24,452.016389103214,503,227364.243718917,0.545143467313856,3,0.666666666666667,0.563015446281939,0.540612516644474,0.518172520916528,0.304373197324191
"SBKP",25,448.741472840401,487,218537.097273275,0.518662073611833,0,0,0.546540201888217,0.51930758988016,0.483186458808798,0.283822475015186
"SBKP",26,442.000589700025,514,227188.303105813,0.544615646384128,1,0,0.512628587588857,0.55525965379494,0.484581591029698,0.284641972069978
"SBKP",27,452.281094551259,509,230211.077126591,0.553683952819215,0,0,0.564347109933434,0.548601864181092,0.52707395481988,0.309601876554693
"SBKP",28,488.782485637265,407,198934.471654367,0.459854298097472,0,0,0.747976030672979,0.412782956058589,0.525626690095233,0.308751757002162
"SBKP",29,527.039201124616,316,166544.387555379,0.362684213251936,2,0.333333333333333,0.940435527885819,0.291611185086551,0.466875600012412,0.27424151878428
"SBKP",30,538.879308242356,533,287222.671293176,0.724718440578366,1,0,1,0.580559254327563,0.988358551281755,0.580559254327563
"SBKP",31,515.48320698032,106,54641.2199399139,0.0269752889265906,1,0,0.882300353590969,0.0119840213049268,0.018000600673016,0.0105735062347786
"SBKP",32,438.794830554029,531,233000.055024189,0.562050872093452,1,0,0.496501254503301,0.577896138482024,0.488470245653528,0.286926157728938
"SBKP",33,392.413630254826,633,248397.827951305,0.608244111270834,1,0,0.263169606033266,0.713715046604527,0.319763254083463,0.187828107634928
"SBKP",34,381.334344935949,640,244053.980759008,0.595212592150922,0,0,0.207432628752675,0.723035952063915,0.255331816872271,0.149981248219311
"SBKP",35,372.420033116566,625,232762.520697854,0.561338270342459,1,0,0.162587065067932,0.70306258322237,0.194602291041978,0.114308881965204
"SBKP",36,379.303308266793,648,245788.543756882,0.600416272177138,1,0,0.197215016205776,0.733688415446072,0.2463313082275,0.144694372742187
"SBKP",37,377.602401555438,720,271873.729119915,0.678671693410102,1,0,0.18865820085184,0.829560585885486,0.266435303689631,0.156503407630754
"SBKP",38,395.974270157669,709,280745.757541787,0.705287732808784,1,0,0.281082251087277,0.81491344873502,0.389953551474974,0.229057706611735
"SBKP",39,425.136194988179,665,282715.569667139,0.711197159001233,1,0,0.42778824294103,0.756324900133156,0.550814310668772,0.323546900120513
"SBKP",40,443.585674057801,323,143278.17272067,0.292885689030329,4,1,0.520602731073245,0.300932090545939,0.266712221108657,0.156666068205797
"SBKP",41,449.398490898071,581,261100.523211779,0.646352131381405,1,0,0.549845487337533,0.644474034620506,0.603273240408641,0.354361139642298
"SBKP",42,454.416157837141,370,168133.978399742,0.367452977567103,1,0,0.575088053092926,0.363515312916112,0.355897573942484,0.209053313574392
"SBKP",43,468.131587488919,338,158228.476571255,0.337736523291462,4,1,0.644086780798971,0.320905459387483,0.351875851592703,0.206690964277699
"SBKP",44,470.612798649929,97,45649.4414690431,0,2,0.333333333333333,0.656569103090456,0,0,0
"SBKP",45,461.050303199042,822,378983.349229612,1,1,0,0.608462697636326,0.965379494007989,1,0.587397411166892
"SBKP",46,436.257454757436,848,369946.321634306,0.972888963934033,3,0.666666666666667,0.483736382667566,1,0.823524880211169,0.483736382667566
"SBKP",47,400.04539132155,388,155217.611832761,0.328703944641659,4,1,0.301562993417394,0.387483355525965,0.198929444308747,0.116850640591826
"SBKP",48,384.775884221856,209,80418.1598023679,0.104305975251395,1,0,0.224746109854387,0.1491344873502,0.0570608505245228,0.0335173958770857
"SBKP",49,369.0844690823,830,306340.109338309,0.782070655879742,0,0,0.145806717649755,0.976031957390146,0.242275524751827,0.142312016028323
"SBKP",50,353.302292070147,723,255437.557166716,0.629363262522821,4,1,0.0664107262796301,0.833555259653795,0.0942411545155517,0.0553570101878142
"SBKP",51,340.101300186756,778,264598.811545296,0.656846978296377,4,1,0,0.906790945406125,0,0
"SBKP",52,341.07103993269,492,167806.951646883,0.366471898999201,1,0,0.00487850620609115,0.525965379494008,0.00436829532999349,0.0025659253680506
"SBPJ",1,130.511059814798,37,4828.90921314754,0.521590569011078,1,0,0.341918390332371,0.7,0.334419472409052,0.23934287323266
"SBPJ",2,163.130572341468,50,8156.52861707342,0.9070996612928,1,0,0.620059738357716,0.96,0.831717468134629,0.595257348823408
"SBPJ",3,172.27733515713,52,8958.42142817074,1,0,0,0.698052716871299,1,0.975347283739179,0.698052716871299
"SBPJ",4,177.712097801101,40,7108.48391204406,0.78568230135378,0,0,0.744394065680733,0.76,0.790473930490578,0.565739489917357
"SBPJ",5,173.593662944892,44,7638.12116957524,0.847041475467423,0,0,0.709276832652675,0.84,0.832465257936311,0.595792539428247
"SBPJ",6,164.546221129027,41,6746.39506629009,0.743733831499546,0,0,0.632130748363766,0.78,0.688926000740234,0.493061983723737
"SBPJ",7,162.144407472138,46,7458.64274371835,0.826248663358379,0,0,0.611650868792099,0.88,0.752068374161353,0.538252764537047
"SBPJ",8,161.058269810141,34,5475.98117354479,0.596554708178976,0,0,0.602389547268609,0.64,0.538677031788371,0.38552931025191
"SBPJ",9,161.587430326045,40,6463.49721304181,0.710959742465949,0,0,0.60690161405977,0.76,0.644470350322031,0.461245226685425
"SBPJ",10,160.265480521065,49,7853.00854553217,0.87193646109896,0,0,0.595629560239881,0.94,0.78230328465827,0.559891786625489
"SBPJ",11,143.625235633948,51,7324.88701733135,0.810752886225303,0,0,0.453740862774207,0.98,0.621305252720177,0.444666045518723
"SBPJ",12,130.637618132812,33,4311.0413983828,0.461594900348868,0,0,0.342997532798015,0.62,0.297134953266556,0.212658470334769
"SBPJ",13,118.57156895487,16,1897.14510327793,0.181941834108719,0,0,0.240112268006004,0.28,0.0939384604700001,0.0672314350416811
"SBPJ",14,122.098518680356,19,2319.87185492677,0.230915285254929,0,0,0.270186002255164,0.34,0.128355008428186,0.0918632407667559
"SBPJ",15,127.672561394088,5,638.36280697044,0.0361102465607909,0,0,0.317714969865598,0.06,0.0266354467539866,0.0190628981919359
"SBPJ",16,140.878611046954,5,704.393055234772,0.0437599378210016,0,0,0.430320835742185,0.06,0.0360756929784915,0.0258192501445311
"SBPJ",17,150.146951564567,5,750.734757822837,0.0491286851237843,2,1,0.50935048780762,0.06,0.0427010971590545,0.0305610292684572
"SBPJ",18,163.334032382979,2,326.668064765958,0,0,0,0.621794609477225,0,0,0
"SBPJ",19,178.620096888709,10,1786.20096888709,0.169088809964031,1,0,0.752136428170869,0.16,0.168146434671753,0.120341828507339
"SBPJ",20,164.258134002373,6,985.548804014241,0.0763322017565605,0,0,0.629674275671522,0.08,0.0703844944169036,0.0503739420537218
"SBPJ",21,156.702287585362,11,1723.72516343898,0.16185090558727,0,0,0.565246785954081,0.18,0.142161390851469,0.101744421471734
"SBPJ",22,150.557011636786,11,1656.12712800464,0.154019584117761,1,0,0.512847004230573,0.18,0.128982676641615,0.0923124607615031
"SBPJ",23,139.655866639009,10,1396.55866639009,0.123948235842795,0,0,0.419894690420782,0.16,0.0938709953240213,0.0671831504673251
"SBPJ",24,151.698707705395,9,1365.28836934855,0.120325530730053,0,0,0.522582063370359,0.14,0.102224169780905,0.0731614888718503
"SBPJ",25,156.636571895318,17,2662.82172222041,0.27064647923779,0,0,0.564686438812158,0.3,0.236700769561506,0.169405931643647
"SBPJ",26,147.528654101348,17,2507.98711972291,0.252708686534636,0,0,0.487024685564074,0.3,0.204147133603848,0.146107405669222
"SBPJ",27,154.077504533712,19,2927.47258614053,0.301306630516223,0,0,0.542865682138899,0.34,0.257894667468767,0.184574331927226
"SBPJ",28,162.763054608928,23,3743.55025600535,0.395850303801035,0,0,0.61692597363734,0.42,0.36203737111424,0.259108908927683
"SBPJ",29,162.077177290952,20,3241.54354581904,0.337692165002188,1,0,0.611077607827276,0.36,0.307375980918788,0.219987938817819
"SBPJ",30,161.978896686725,23,3725.51462379467,0.393760852046408,0,0,0.610239584888639,0.42,0.358113524966938,0.256300625653229
"SBPJ",31,137.75783040967,3,413.273491229009,0.010033352763556,0,0,0.403710440119746,0.02,0.0112816087287155,0.00807420880239492
"SBPJ",32,111.156431251581,23,2556.59791878636,0.258340311653762,0,0,0.176884578907331,0.42,0.10380309903422,0.0742915231410788
"SBPJ",33,107.484016597271,26,2794.58443152904,0.285911362716418,0,0,0.145570488556573,0.48,0.0976305270989437,0.069873834507155
"SBPJ",34,110.014431912898,31,3410.44738929983,0.357259897810319,0,0,0.167146933832296,0.58,0.135455756128311,0.0969452216227314
"SBPJ",35,119.243850614592,28,3338.82781720857,0.348962676020492,1,0,0.245844705820172,0.52,0.178622128857837,0.12783924702649
"SBPJ",36,153.813470872533,23,3537.70983006826,0.372003419249194,0,0,0.540614309486278,0.42,0.317254568225081,0.227058009984237
"SBPJ",37,172.342296942973,36,6204.32268994704,0.680934032487537,0,0,0.698606635593104,0.68,0.663762444028134,0.475052512203311
"SBPJ",38,180.156066165533,31,5584.83805113151,0.609165920872822,0,0,0.765233391677967,0.58,0.620144595583023,0.443835367173221
"SBPJ",39,192.242480356647,26,4998.30448927283,0.541215234938565,0,0,0.868292305668811,0.48,0.582342178823273,0.416780306721029
"SBPJ",40,205.281736680434,11,2258.09910348478,0.223758830611092,0,0,0.97947595159794,0.18,0.246341362825619,0.176305671287629
"SBPJ",41,207.688730314074,30,6230.66190942221,0.683985465767228,0,0,1,0.56,0.782454484730045,0.56
"SBPJ",42,200.99419198687,17,3416.90126377679,0.35800758767184,0,0,0.942916746128154,0.3,0.395244341108055,0.282875023838446
"SBPJ",43,207.510210276297,18,3735.18378497335,0.394881037108654,2,1,0.998477788289566,0.32,0.446436241914576,0.319512892252661
"SBPJ",44,195.91039168836,4,783.641566753439,0.0529409822950767,0,0,0.899567996910543,0.04,0.0502765009644484,0.0359827198764217
"SBPJ",45,192.771211269208,43,8289.16208457592,0.922465423255464,0,0,0.872800709301206,0.82,1,0.715696581626989
"SBPJ",46,186.943485851352,42,7851.62640575678,0.87177633838493,0,0,0.823108629987677,0.8,0.920064341362659,0.658486903990142
"SBPJ",47,179.090336732223,17,3044.5357244478,0.314868549326783,0,0,0.75614608784507,0.3,0.316955302256493,0.226843826353521
"SBPJ",48,146.815787671164,5,734.078938355819,0.0471990864934953,0,0,0.480946187925851,0.06,0.0403198394631858,0.028856771275551
"SBPJ",49,113.779104504334,34,3868.48955314737,0.41032468598991,0,0,0.199247692805937,0.64,0.178174000923565,0.1275185233958
"SBPJ",50,90.4119832275615,30,2712.35949682685,0.276385495694916,0,0,0,0.56,0,0
"SBPJ",51,90.8572343131994,42,3816.00384115437,0.404244147102467,1,0,0.00379658454637546,0.8,0.0042437922928118,0.00303726763710037
"SBPJ",52,108.747626156096,23,2501.19540159021,0.25192185704047,0,0,0.156345084460851,0.42,0.0917496843764178,0.0656649354735573
"SBSP",1,314.453306589438,1363,428599.856881403,0.64045011934856,2,0.166666666666667,0.0167678125930325,0.780068728522337,0.026265783902695,0.0130800462495477
"SBSP",2,311.924431817321,1611,502510.259657705,0.751007769286482,4,0.5,0,0.922107674684994,0,0
"SBSP",3,319.48680638872,1521,485939.432517244,0.726220572391861,1,0,0.0501426488055881,0.870561282932417,0.0876572229683796,0.0436522486738224
"SBSP",4,322.140711367358,1556,501250.94688761,0.749124047169313,5,0.666666666666667,0.067739479543189,0.890607101947308,0.12114600491475,0.0603292615633785
"SBSP",5,323.804220092536,1603,519058.164808335,0.775760678702853,0,0,0.0787694454625019,0.917525773195876,0.145129984097158,0.0722729963521925
"SBSP",6,340.066791426724,1722,585595.014836818,0.875288722078362,1,0,0.186599121893768,0.985681557846506,0.369340824116598,0.18392731316104
"SBSP",7,352.508477829076,1747,615832.310767395,0.920518679607886,0,0,0.269094256977642,1,0.540362890802118,0.269094256977642
"SBSP",8,360.545651359457,1710,616533.063824672,0.921566889444244,2,0.166666666666667,0.322385080636081,0.978808705612829,0.633656429521775,0.31555332348629
"SBSP",9,367.43876760768,1703,625748.221235879,0.93535122979312,0,0,0.368090183437775,0.974799541809851,0.720527629596669,0.358814142159847
"SBSP",10,380.556581865887,1574,598996.059856906,0.895334452969822,7,1,0.455068413256471,0.900916380297824,0.823269947424915,0.409978587658894
"SBSP",11,388.032165045753,1724,668967.452538878,1,2,0.166666666666667,0.504635588019628,0.986827033218786,1,0.497988040182027
"SBSP",12,393.828400722589,875,344599.850632266,0.51480010342613,3,0.333333333333333,0.543067777167892,0.50057273768614,0.545886451141862,0.271844923966058
"SBSP",13,387.464858281857,155,60057.0530336878,0.0891714797468205,0,0,0.500874036200355,0.0882016036655212,0.088712759469375,0.0441778932272936
"SBSP",14,395.066376187179,43,16987.8541760487,0.0247471330845346,0,0,0.551276226559654,0.0240549828178694,0.0266290334059933,0.0132609401577924
"SBSP",15,400.216355003409,30,12006.4906501023,0.017295843087077,0,0,0.5854233818877,0.0166093928980527,0.0195256234626144,0.00972352696147956
"SBSP",17,443.810639814836,1,443.810639814836,0,0,0,0.87447715627986,0,0,0
"SBSP",18,439.97992516355,3,1319.93977549065,0.00131054323402387,0,0,0.849077438556233,0.0011454753722795,0.00195305352045967,0.000972597295024321
"SBSP",19,432.29830133806,4,1729.19320535224,0.00192271818822449,0,0,0.798144102459008,0.00171821305841924,0.00275384448759874,0.00137138161934537
"SBSP",21,375.811175178769,21,7892.03467875415,0.0111413023745597,0,0,0.423603790775094,0.011454753722795,0.00974376231525044,0.00485227709937106
"SBSP",22,356.243468343953,41,14605.9822021021,0.0211842494037414,0,0,0.293859271710979,0.0229095074455899,0.0135187406724819,0.00673217117321831
"SBSP",23,346.349649719605,38,13161.286689345,0.0190232255861645,0,0,0.228257883159933,0.0211912943871707,0.00971324531502098,0.00483707999823456
"SBSP",24,361.172036352652,124,44785.3325077289,0.0663275299314081,1,0,0.326538353187489,0.070446735395189,0.0461929988418426,0.0230035609633798
"SBSP",25,367.662003861006,211,77576.6828146723,0.115377927332155,1,0,0.369570360985917,0.120274914089347,0.0892592589197574,0.0444500434175501
"SBSP",26,372.39958284041,208,77459.1132308052,0.115202062820418,2,0.166666666666667,0.40098308151571,0.118556701030928,0.0954625964437647,0.0475392313137182
"SBSP",27,395.461038148771,273,107960.863414614,0.160827599857767,1,0,0.553893049615716,0.155784650630011,0.173273308309243,0.0862880352207759
"SBSP",28,434.987687289151,181,78732.7713993363,0.117107243263869,0,0,0.815976191305576,0.103092783505155,0.168922243202624,0.0841212568356264
"SBSP",29,458.273795244471,127,58200.7719960478,0.086394792549391,0,0,0.970375728412426,0.0721649484536082,0.140620072714836,0.0700271144215153
"SBSP",30,462.741645337885,236,109207.028299741,0.162691654929307,0,0,1,0.134593356242841,0.270274274445714,0.134593356242841
"SBSP",31,457.12686598753,37,16913.6940415386,0.0246362018775253,2,0.166666666666667,0.962770964803767,0.0206185567010309,0.0398622981400451,0.0198509477279127
"SBSP",32,435.063652804101,168,73090.693671089,0.108667634887089,0,0,0.816479883909208,0.0956471935853379,0.156819046269169,0.0780940095147983
"SBSP",33,410.353211540144,184,75504.9909233866,0.11227902138262,1,0,0.652636243736214,0.104810996563574,0.137359634328762,0.0684034550995
"SBSP",34,407.476467765761,164,66826.1407135847,0.0992969072644893,3,0.333333333333333,0.633561870809998,0.0933562428407789,0.118771840071454,0.0591469558659964
"SBSP",35,389.418224245358,183,71263.5350369005,0.105934509953768,1,0,0.513825912964971,0.104238258877434,0.107553423399484,0.0535603185335766
"SBSP",36,377.321956796609,221,83388.1524520507,0.124070917786269,1,0,0.433621093061577,0.126002290950745,0.10971599058956,0.0546372511303247
"SBSP",37,364.432054160022,268,97667.790514886,0.145430877506274,0,0,0.348154041020932,0.152920962199313,0.106910300349862,0.0532400509464999
"SBSP",38,362.627073491887,363,131633.627677555,0.196238111587306,3,0.333333333333333,0.336186039318731,0.207331042382589,0.139966819164871,0.0697018019664265
"SBSP",39,373.132904410992,301,112313.004227709,0.167337677498,1,0,0.405845401628009,0.171821305841924,0.140029240164434,0.0697328868776648
"SBSP",40,381.362706667156,193,73603.0023867611,0.109433963381047,1,0,0.460413458311021,0.109965635738832,0.101668422854852,0.0506296586458855
"SBSP",41,383.776862701473,532,204169.290957184,0.304739380253853,4,0.5,0.476420623394923,0.304123711340206,0.290952385308123,0.144890808145879
"SBSP",42,389.908738339492,359,139977.237063878,0.208718761280742,1,0,0.517078287695173,0.20504009163803,0.21290025249261,0.106021779493054
"SBSP",43,394.770936929377,308,121589.448574248,0.181213692892441,2,0.166666666666667,0.549317303894889,0.175830469644903,0.193953893938106,0.0965867195279101
"SBSP",44,385.327537027735,64,24660.9623697751,0.0362248246915651,4,0.5,0.486702435994852,0.0360824742268041,0.0352647587610495,0.017561428102907
"SBSP",45,385.214417253893,840,323580.11049327,0.48335807382298,1,0,0.48595239048478,0.480526918671249,0.468913278992049,0.233513204820579
"SBSP",46,374.237277510346,819,306500.330280973,0.457809567918569,2,0.166666666666667,0.413167994809346,0.468499427262314,0.388702043648564,0.193568968931297
"SBSP",47,345.567946957152,369,127514.572427189,0.190076691119564,2,0.166666666666667,0.223074769480763,0.210767468499427,0.0944137221294867,0.0470169044495536
"SBSP",48,342.674539201493,189,64765.4879090821,0.0962145139497982,1,0,0.203889905312291,0.107674684994273,0.0440849569800678,0.021953781328013
"SBSP",49,340.345227211688,869,295760.002446957,0.441743826692865,4,0.5,0.188445302302923,0.497136311569301,0.188122996859912,0.0936830025194371
"SBSP",50,332.752068093042,711,236586.720414153,0.353230454353913,1,0,0.138098535237035,0.406643757159221,0.112767582142026,0.0561569072269732
"SBSP",51,326.948502345657,808,264174.389895291,0.394497012112095,1,0,0.099617743741748,0.462199312714777,0.0924585511628004,0.0460432526916327
"SBSP",52,314.152331362422,566,177810.219551131,0.265310600545815,0,0,0.014772183447063,0.323596792668958,0.00959908832838584,0.00478023118418704
"SBVT",1,250.078859411205,241,60269.0051181005,0.606701468053995,0,0,0.635339244743848,0.722397476340694,0.59609374914503,0.458967467023158
"SBVT",2,270.747380923705,329,89075.888323899,0.899657420653336,2,0.125,0.690289654331769,1,0.896528354646734,0.690289654331769
"SBVT",3,293.356476429745,314,92113.9335989398,0.930553281244404,5,0.5,0.750399375180352,0.952681388012618,0.928480548187217,0.714891518310619
"SBVT",4,308.923036659311,228,70434.452358323,0.710080520157011,7,0.75,0.791785444327699,0.681388012618297,0.700704114685332,0.539513110330545
"SBVT",5,311.801691922645,282,87928.0771221858,0.887984581158698,9,1,0.799438787392752,0.851735015772871,0.884346339936811,0.68091000818941
"SBVT",6,317.124210778043,312,98942.7537627493,1,2,0.125,0.813589513702162,0.946372239747634,1,0.769958530317504
"SBVT",7,306.774941236686,285,87430.8582524556,0.88292803871391,5,0.5,0.786074405769096,0.861198738170347,0.87922434741673,0.676966286356351
"SBVT",8,279.908673475786,290,81173.515307978,0.819293043912695,1,0,0.714646344663353,0.876971608832808,0.813971830882199,0.626724554625906
"SBVT",9,278.659109507426,281,78303.2097715867,0.790103037945808,1,0,0.711324188706228,0.848580441640379,0.783958837306349,0.603615794201815
"SBVT",10,266.056695556375,261,69440.7975402138,0.699975397304445,9,1,0.677818753497039,0.785488958990536,0.691490679178658,0.532419147068652
"SBVT",11,272.707665901867,298,81266.8844387562,0.820242575399843,3,0.25,0.695501370244486,0.902208201892745,0.814962125821847,0.627487040662217
"SBVT",12,279.127091682532,177,49405.4952278081,0.496223362326738,3,0.25,0.712568390532002,0.520504731861199,0.481708045878369,0.370895219046626
"SBVT",13,268.726540976617,44,11823.9678029712,0.114032339152622,2,0.125,0.684916943819459,0.100946372239748,0.0897968891072596,0.0691398807641094
"SBVT",14,272.562102907563,27,7359.17677850419,0.0686269720261143,1,0,0.695114368873681,0.0473186119873817,0.0427189852601854,0.0328918471075874
"SBVT",15,269.611616211139,29,7818.73687012304,0.0733005378351963,0,0,0.687270051013106,0.0536277602523659,0.0478684917084609,0.0368567535243621
"SBVT",16,298.997030999279,18,5381.94655798703,0.0485192304623474,0,0,0.765395647831567,0.0189274447949527,0.0188152780964127,0.014486983870629
"SBVT",17,289.186621436579,21,6072.91905016815,0.0555461796543418,1,0,0.73931318115055,0.028391167192429,0.0272611618770641,0.0209899641336118
"SBVT",18,311.247453319597,20,6224.94906639193,0.0570922718819649,1,0,0.797965259727577,0.0252365930599369,0.0261545573466243,0.0201379245357117
"SBVT",19,309.782566442482,40,12391.3026576993,0.119801936704093,0,0,0.794070635051654,0.0883280757097792,0.0910941672960389,0.0701387311717549
"SBVT",20,281.38814469243,31,8723.03248546532,0.0824969087695805,0,0,0.718579744025225,0.0599369085173502,0.0559373611489186,0.0430694483800608
"SBVT",21,220.407553733317,51,11240.7852403992,0.108101575941029,0,0,0.556453563490726,0.123028391167192,0.0889133427059829,0.0684595866755152
"SBVT",22,209.146432991399,58,12130.4931135011,0.117149594625926,1,0,0.526514160383773,0.145110410094637,0.0992296113693515,0.0764026857339229
"SBVT",23,11.1084323261612,55,610.963777938867,0,1,0,0,0.135646687697161,0,0
"SBVT",24,327.534902524155,64,20962.2337615459,0.206965315964967,3,0.25,0.841267921913244,0.16403785488959,0.179230153137164,0.137999785298072
"SBVT",25,342.724256563481,74,25361.5949856976,0.251705284848186,2,0.125,0.881651131004039,0.195583596214511,0.223955566460514,0.172436498808361
"SBVT",26,387.238868250028,87,33689.7815377525,0.336400036701492,0,0,1,0.236593059936909,0.307280263314111,0.236593059936909
"SBVT",27,374.305054073386,86,32190.2346503112,0.321150167989929,2,0.125,0.965613486861615,0.233438485804416,0.292757780282461,0.225411350245298
"SBVT",28,377.886051974285,78,29475.1120539943,0.293538318386293,3,0.25,0.97513411470473,0.20820189274448,0.263682731429077,0.203024768361237
"SBVT",29,363.240496872026,56,20341.4678248334,0.200652342949746,1,0,0.936196677838482,0.138801261829653,0.168769193518936,0.12994528020471
"SBVT",30,360.250221957605,88,31702.0195322692,0.316185190558751,2,0.125,0.928246576945753,0.239747634069401,0.289034943952104,0.222544920655764
"SBVT",31,362.272520922233,12,4347.27025106679,0.037996933379379,0,0,0.933623166478213,0,0,0
"SBVT",32,347.732585988228,92,31991.397910917,0.319128067716712,4,0.375,0.894966536901584,0.252365930599369,0.293339256657533,0.225859062940463
"SBVT",33,354.43957533732,124,43950.5073418277,0.440748038559897,0,0,0.912798088694564,0.353312302839117,0.41885735665638,0.322502794743821
"SBVT",34,370.736032674154,156,57834.821097168,0.581946665753453,1,0,0.956124700370659,0.454258675078864,0.564092639406762,0.434327939600552
"SBVT",35,371.043941953184,162,60109.1185964158,0.605075477906665,1,0,0.956943324043783,0.473186119873817,0.588099593177709,0.452812298443431
"SBVT",36,368.227050367252,171,62966.8256128,0.634137361320214,1,0,0.949454189113733,0.501577287066246,0.618506890459374,0.476224656369349
"SBVT",37,346.482248265039,173,59941.4289498517,0.603370132701518,0,0,0.891642323799505,0.50788643533123,0.58815250899064,0.452853041424985
"SBVT",38,331.536388074562,196,64981.1320626141,0.654622155201473,0,0,0.851906480158544,0.580441640378549,0.642218996636655,0.494481994792341
"SBVT",39,322.515571480547,163,52570.0381513292,0.528405659872729,2,0.125,0.82792326653783,0.476340694006309,0.512201018415855,0.3943735433666
"SBVT",40,342.944308791526,77,26406.7117769475,0.262333758014508,1,0,0.882236173337837,0.205047318611987,0.234947928495353,0.180900161725424
"SBVT",41,336.75621219449,114,38390.2081901718,0.384201735960149,2,0.125,0.865784176886561,0.321766561514196,0.361812210191775,0.278580397610187
"SBVT",42,334.760859054234,80,26780.8687243387,0.266138803640637,0,0,0.860479226928563,0.214511041009464,0.239730176973751,0.184582294735465
"SBVT",43,337.603571609215,69,23294.6464410358,0.23068513922711,0,0,0.868037010834029,0.17981072555205,0.20271528735416,0.1560823647241
"SBVT",44,349.477314036814,23,8037.97822284673,0.0755301459075965,5,0.5,0.89960516191554,0.0347003154574132,0.040543200284714,0.0312165829055866
"SBVT",45,347.42714865995,224,77823.6812998288,0.785226400676904,0,0,0.894154485285693,0.668769716088328,0.77664369926135,0.597983441263618
"SBVT",46,334.721757215102,212,70961.0125296017,0.715435453402506,0,0,0.860375268739071,0.630914826498423,0.705003571005575,0.542823513400045
"SBVT",47,303.246562533318,102,30931.1493783984,0.308345710020566,2,0.125,0.776693674069728,0.28391167192429,0.28639516401906,0.220512399578156
"SBVT",48,277.83424753939,47,13058.2096343514,0.126584147998681,0,0,0.709131167644241,0.110410094637224,0.101687605561717,0.0782952393298058
"SBVT",49,238.407444305333,229,54595.3047459212,0.54900191460281,1,0,0.604309011635473,0.684542586750789,0.537269525218681,0.413675254021759
"SBVT",50,233.118706293682,203,47323.0973776175,0.475046102658097,2,0.125,0.590248096839625,0.602523659305994,0.461892984105984,0.355638443206209
"SBVT",51,231.096662541308,235,54307.7156972074,0.54607723430605,1,0,0.584872185827778,0.703470031545741,0.534366513018344,0.411440055014493
"SBVT",52,232.91199328363,137,31908.9430798573,0.318289530850126,2,0.125,0.589698518846702,0.394321766561514,0.302004526911926,0.23253096169034
"SBAR",53,0,0,0,0,1,0,0,0,0,0
"SBGR",53,0,0,0,0,3,0.117647058823529,0,0,0,0
